[{"name":"theme_info","theme_name":"E2NOX","theme_version":"11.01","theme_author":"E2NO","theme_documentation_url":"https:\/\/ajuda.e2no.com\/pt-br\/","theme_support_url":"https:\/\/e2no.com"},{"name":"Licença e aviso - E2NO","settings":[{"type":"paragraph","content":"Tema com todos os direitos reservados por E2NO e licença única para uma loja."},{"type":"text","id":"license_key","label":"Chave de licença"}]},{"name":"Cores do tema","settings":[{"type":"header","content":"Base"},{"type":"color","id":"color_primary","label":"Primeira","default":"#e94057"},{"type":"color","id":"color_secondary","label":"Segunda","default":"#6c757d"},{"type":"color","id":"color_dark","label":"Dark","default":"#343a40"},{"type":"color","id":"color_light","label":"Light","default":"#f8f9fa"},{"type":"header","content":"Body"},{"type":"color","id":"color_body_bg","label":"Background","default":"#ffffff"},{"type":"color","id":"color_body_text","label":"Texto","default":"#212529"},{"type":"header","content":"Extra"},{"type":"color","id":"color_price","label":"Preço","default":"#e22120"},{"type":"color","id":"color-price-economize","label":"Economize","default":"#e22120"},{"type":"color","id":"color-price-tag","label":"Tag de Desconto","default":"#e22120"},{"type":"color","id":"color-price-pix","label":"Desconto PIX","default":"#e22120"},{"type":"color","id":"color_variante","label":"Cor da variante Selecionada","default":"#e22120"},{"type":"color","id":"color_variante_unselected","label":"Cor da variante Normal","default":"#D2D2D2"},{"type":"color","id":"color_button_buy","label":"Botão de comprar agora","default":"#28a745"},{"type":"color","id":"color_text_button_buy","label":"Cor do texto (Botão comprar agora)","default":"#ffffff"},{"type":"color","id":"color_button_add_cart","label":"Botão de adicionar ao carrinho","default":"#ffffff"},{"type":"color","id":"color_border_button_add_cart","label":"Cor da borda (Botão adicionar ao carrinho)","default":"#20C200"},{"type":"color","id":"color_text_button_add_cart","label":"Cor do texto (Botão adicionar ao carrinho)","default":"#20C200"},{"type":"color","id":"color_text","label":"Link","default":"#ffffff"},{"type":"color","id":"color_rating","label":"Avaliação","default":"#fbc02d"}]},{"name":"Favicon","settings":[{"type":"image_picker","id":"favicon","label":"Imagem de favicon","info":"Será reduzido para 32x32"}]},{"name":"Botões e Forms","settings":[{"type":"range","id":"buttons_forms_radius","label":"Borda dos Botões e Formulários","min":0,"max":50,"step":1,"unit":"px","default":10}]},{"name":"Typography","settings":[{"type":"font_picker","id":"font_headings","default":"montserrat_n6","label":"Fontes primárias"},{"type":"range","id":"heading_scale","min":100,"max":150,"step":5,"unit":"%","label":"Escala","info":"em desenvolvimento","default":100}]},{"name":"Parcelamento","settings":[{"type":"checkbox","id":"parcelamento_enable","label":"Habilitar parcelamento","default":true},{"type":"select","id":"qtd_sem_juros_parcelamento","label":"Quantidade de vezes sem juros","info":"Nota: O parcelamento é apenas visível para o cliente (consulte taxa junto ao seu gatwey). *** Os valores padrões são do mercado pago ***","default":"1","options":[{"value":"1","label":"1x"},{"value":"2","label":"2x"},{"value":"3","label":"3x"},{"value":"4","label":"4x"},{"value":"5","label":"5x"},{"value":"6","label":"6x"},{"value":"7","label":"7x"},{"value":"8","label":"8x"},{"value":"9","label":"9x"},{"value":"10","label":"10x"},{"value":"11","label":"11x"},{"value":"12","label":"12x"}]},{"type":"text","id":"taxa_primeira_parcela","label":"1º Parcela","info":"Adicione utilizando (.) e com pelo menos uma decimal","default":"0"},{"type":"text","id":"taxa_segunda_parcela","label":"2º Parcela","info":"Adicione utilizando (.) e com pelo menos uma decimal","default":"5.41"},{"type":"text","id":"taxa_terceira_parcela","label":"3º Parcela","info":"Adicione utilizando (.) e com pelo menos uma decimal","default":"6.78"},{"type":"text","id":"taxa_quarta_parcela","label":"4º Parcela","info":"Adicione utilizando (.) e com pelo menos uma decimal","default":"8.25"},{"type":"text","id":"taxa_quinta_parcela","label":"5º Parcela","info":"Adicione utilizando (.) e com pelo menos uma decimal","default":"9.66"},{"type":"text","id":"taxa_sexta_parcela","label":"6º Parcela","info":"Adicione utilizando (.) e com pelo menos uma decimal","default":"11.04"},{"type":"text","id":"taxa_setima_parcela","label":"7º Parcela","info":"Adicione utilizando (.) e com pelo menos uma decimal","default":"12.25"},{"type":"text","id":"taxa_oitava_parcela","label":"8º Parcela","info":"Adicione utilizando (.) e com pelo menos uma decimal","default":"13.85"},{"type":"text","id":"taxa_nona_parcela","label":"9º Parcela","info":"Adicione utilizando (.) e com pelo menos uma decimal","default":"15.44"},{"type":"text","id":"taxa_decima_parcela","label":"10º Parcela","info":"Adicione utilizando (.) e com pelo menos uma decimal","default":"16.59"},{"type":"text","id":"taxa_decima_primeira_parcela","label":"11º Parcela","info":"Adicione utilizando (.) e com pelo menos uma decimal","default":"18.19"},{"type":"text","id":"taxa_decima_segunda_parcela","label":"12º Parcela","info":"Adicione utilizando (.) e com pelo menos uma decimal","default":"19.79"}]},{"name":"Pesquisa","settings":[{"type":"header","content":"Pesquisa preditiva"},{"type":"checkbox","id":"predictive_search_enable","label":"Ativar pesquisa preditiva","default":true},{"type":"range","id":"predictive_search_count","label":"Contagem de resultados de pesquisa preditiva","min":2,"max":10,"step":1,"default":5},{"type":"header","content":"Recursos para pesquisar"},{"type":"checkbox","id":"search_collection","label":"Coleções","info":"Disponível apenas no modal que abre no celular.","default":true},{"type":"checkbox","id":"search_article","label":"Artigos","default":true},{"type":"checkbox","id":"search_page","label":"Páginas","default":true},{"type":"text","id":"predictive_search_fields","label":"Campos para pesquisar","default":"title, product_type, variants.title, vendor,author, body, tag, variants.barcode, variants.sku","info":"As opções são: title, product_type, variants.title, vendor,author, body, tag, variants.barcode, variants.sku."},{"type":"select","id":"predictive_search_unavailable","label":"Produtos indisponíveis","default":"last","options":[{"value":"show","label":"Show"},{"value":"hide","label":"Hide"},{"value":"last","label":"Last"}]},{"type":"text","id":"predictive_search_img_width","label":"Largura da imagem (px)","default":"120"},{"type":"text","id":"predictive_search_img_height","label":"Altura da imagem (px)","default":"120"},{"type":"checkbox","id":"predictive_search_img_thumbnail","label":"Borda da imagem","default":true},{"type":"checkbox","id":"predictive_search_show_rating","label":"Mostrar avaliação do produto","default":true},{"type":"checkbox","id":"predictive_search_show_author","label":"Mostrar autor em artigos","default":true},{"type":"checkbox","id":"predictive_search_show_date","label":"Mostrar data em artigos","default":true},{"type":"checkbox","id":"predictive_search_show_excerpt","label":"Mostrar trecho em artigos","default":true},{"type":"text","id":"predictive_search_animate","label":"Animação","info":"Efeito de animação ao rolar. Ele dispara apenas uma vez. Deixe vazio para desativar [Saiba mais](https:\/\/animate.style\/).","default":"animate__backInRight"}]},{"name":"Lista de desejos","settings":[{"type":"checkbox","id":"wishlist_enable","label":"Habilitar lista de desejos","default":true},{"type":"text","id":"wishlist_img_width","label":"Largura da imagem (px)","default":"120"},{"type":"text","id":"wishlist_img_height","label":"Altura da imagem (px)","default":"120"},{"type":"checkbox","id":"wishlist_img_thumbnail","label":"Borda da imagem","default":true},{"type":"checkbox","id":"wishlist_show_rating","label":"Mostrar avaliação do produto","default":true},{"type":"text","id":"wishlist_animate","label":"Animação","info":"Efeito de animação ao rolar. Ele dispara apenas uma vez. Deixe vazio para desativar [Saiba mais](https:\/\/animate.style\/).","default":"animate__backInRight"}]},{"name":"Carrinho","settings":[{"type":"header","content":"Modal de carrinho"},{"type":"text","id":"cart_img_width","label":"Largura da imagem (px)","default":"120"},{"type":"text","id":"cart_img_height","label":"Altura da imagem (px)","default":"120"},{"type":"checkbox","id":"cart_img_thumbnail","label":"Borda da imagem","default":true},{"type":"checkbox","id":"cart_show_qty","label":"Mostrar quantidade","default":true},{"type":"checkbox","id":"cart_show_applied_discounts","label":"Mostrar informações de descontos aplicados","default":true},{"type":"checkbox","id":"cart_show_taxes_shipping_info","label":"Mostrar impostos\/texto de envio","default":true},{"type":"checkbox","id":"cart_show_buy_more_btn","label":"Mostrar botão de continuar comprando","default":true},{"type":"checkbox","id":"cart_show_all_products_btn","label":"Mostrar botão de ver todos produtos","default":false},{"type":"checkbox","id":"cart_show_discount_code","label":"Mostrar o botão 'Inserir desconto'","default":true},{"type":"checkbox","id":"cart_show_payment_icons","label":"Mostrar ícones de pagamento","default":true},{"type":"text","id":"cart_animate","label":"Animação","info":"Efeito de animação ao rolar. Ele dispara apenas uma vez. Deixe vazio para desativar [Saiba mais](https:\/\/animate.style\/).","default":"animate__backInRight"},{"type":"header","content":"Objetivo do carrinho","info":"Aumente o valor médio do pedido, permitindo metas de carrinho predefinidas."},{"type":"checkbox","id":"cart_goal_enable","label":"Habilitar objetivo do carrinho","default":true},{"type":"textarea","id":"cart_goal_thresholds","label":"Goal thresholds","info":"O valor total no carrinho (sem moeda) necessário para atingir a meta do carrinho. Use o seguinte formato, por exemplo: \"BRL:200\" para cada uma das moedas disponíveis na sua loja e separe-as com uma vírgula. Observação: se uma meta de moeda especificada não for encontrada, a meta não será exibida para essa moeda específica.","default":"BRL:200,\nUSD:180,\nGBP:150"},{"type":"richtext","id":"cart_goal_message_goal_not_reached","label":"Mensagem - objetivo não alcançado","default":"<p>Gastar <strong>[amount]<\/strong> ou mais para desfrutar <strong>Envio Grátis <\/strong>!<\/p>"},{"type":"richtext","id":"cart_goal_message_goal_reached","label":"Message - goal reached","default":"<p>Parabéns! Você ganhou <strong> Envio Grátis<\/strong>!<\/p>"},{"type":"select","id":"cart_goal_color_not_reached","label":"Cor - objetivo não alcançado","default":"bg-info","options":[{"value":"bg-primary","label":"Primary"},{"value":"bg-secondary","label":"Secondary"},{"value":"bg-success","label":"Success"},{"value":"bg-danger","label":"Danger"},{"value":"bg-warning","label":"Warning"},{"value":"bg-info","label":"Info"}]},{"type":"select","id":"cart_goal_color_reached","label":"Cor - objetivo alcançado","default":"bg-success","options":[{"value":"bg-primary","label":"Primary"},{"value":"bg-secondary","label":"Secondary"},{"value":"bg-success","label":"Success"},{"value":"bg-danger","label":"Danger"},{"value":"bg-warning","label":"Warning"},{"value":"bg-info","label":"Info"}]}]},{"name":"Social media","settings":[{"type":"header","content":"Botões de compartilhamento social"},{"type":"checkbox","id":"share_facebook","label":"Compartilhar no Facebook","default":true},{"type":"checkbox","id":"share_twitter","label":"Tweet no Twitter","default":true},{"type":"checkbox","id":"share_pinterest","label":"Pin no Pinterest","default":true},{"type":"checkbox","id":"share_whatsapp","label":"Compartilhe no Whatsapp","default":true},{"type":"checkbox","id":"share_email","label":"Enviar via e-mail","default":true},{"type":"select","id":"share_button_animate","label":"Animação de ícone hover","info":"[Saber mais](https:\/\/animate.style\/)","default":"animate__wobble","options":[{"value":"animate__bounce","label":"Bounce"},{"value":"animate__flash","label":"Flash"},{"value":"animate__pulse","label":"Pulse"},{"value":"animate__rubberBand","label":"rubberBand"},{"value":"animate__shakeX","label":"ShakeX"},{"value":"animate__shakeY","label":"ShakeY"},{"value":"animate__headShake","label":"headShake"},{"value":"animate__swing","label":"Swing"},{"value":"animate__tada","label":"Tada"},{"value":"animate__wobble","label":"Wobble"},{"value":"animate__jello","label":"Jello"},{"value":"animate__heartBeat","label":"heartBeat"}]},{"type":"header","content":"Links de mídia social"},{"type":"text","id":"social_facebook_link","label":"Facebook link"},{"type":"text","id":"social_twitter_link","label":"Twitter link"},{"type":"text","id":"social_instagram_link","label":"Instagram link"},{"type":"text","id":"social_tiktok_link","label":"TikTok link"},{"type":"text","id":"social_pinterest_link","label":"Pinterest link"},{"type":"text","id":"social_snapchat_link","label":"Snapchat link"},{"type":"text","id":"social_youtube_link","label":"Youtube link"},{"type":"text","id":"social_linkedin_link","label":"Linkedin link"}]},{"name":"Modals","settings":[{"type":"header","content":"Animação"},{"type":"text","id":"modal_animation_enter","label":"Animação Entrada","info":"Copie e cole o nome da animação (entrada) do site Animate.style. Deixe em branco para desativar e usar as transições padrão do Bootstrap. [Saber mais](https:\/\/animate.style)","default":"animate__jackInTheBox"},{"type":"text","id":"modal_animation_exit","label":"Animação de saida","info":"Copie e cole o nome da animação (saída) do site Animate.style. Deixe em branco para desativar e usar as transições padrão do Bootstrap. [Saber mais](https:\/\/animate.style)","default":"animate__backOutDown"},{"type":"select","id":"modal_animation_speed","label":"Velocidade da animação","default":"animate__normal","options":[{"value":"animate__slower","label":"Slower"},{"value":"animate__slow","label":"Slow"},{"value":"animate__normal","label":"Normal"},{"value":"animate__fast","label":"Fast"},{"value":"animate__faster","label":"Faster"}]}]},{"name":"Toast","settings":[{"type":"paragraph","content":"O Toast é usado para exibir várias mensagens globais importantes, geralmente via ajax. (Por exemplo: ao adicionar produtos ao carrinho) [Saiba mais](https:\/\/getbootstrap.com\/docs\/4.5\/components\/toasts\/)"},{"type":"header","content":"Configurações gerais"},{"type":"select","id":"toast_position","label":"Posição","default":"bottom-right","options":[{"value":"bottom-left","label":"Bottom left"},{"value":"bottom-center","label":"Bottom center"},{"value":"bottom-right","label":"Bottom right"}]},{"type":"range","id":"toast_delay","min":10,"max":60,"step":1,"unit":"sec","label":"Ocultar automaticamente","default":15},{"type":"text","id":"toast_img_width","label":"Largura da imagem (px)","default":"60"},{"type":"text","id":"toast_img_height","label":"Altura da imagem (px)","default":"60"},{"type":"checkbox","id":"toast_img_thumbnail","label":"Borda da imagem","default":true},{"type":"select","id":"toast_btn_color","label":"Button color","default":"button-buy","options":[{"group":"Normal","value":"btn-link","label":"Link"},{"group":"Normal","value":"btn-light","label":"Light"},{"group":"Normal","value":"btn-dark","label":"Dark"},{"group":"Normal","value":"button-buy","label":"Primary"},{"group":"Normal","value":"btn-secondary","label":"Secondary"},{"group":"Normal","value":"btn-success","label":"Success"},{"group":"Normal","value":"btn-danger","label":"Danger"},{"group":"Normal","value":"btn-warning","label":"Warning"},{"group":"Normal","value":"btn-info","label":"Info"},{"group":"Outline","value":"btn-outline-dark","label":"Dark Outline"},{"group":"Outline","value":"btn-outline-primary","label":"Primary Outline"},{"group":"Outline","value":"btn-outline-secondary","label":"Secondary Outline"},{"group":"Outline","value":"btn-outline-success","label":"Success Outline"},{"group":"Outline","value":"btn-outline-danger","label":"Danger Outline"},{"group":"Outline","value":"btn-outline-warning","label":"Warning Outline"},{"group":"Outline","value":"btn-outline-info","label":"Info Outline"}]},{"type":"select","id":"toast_btn_size","label":"Button size","default":"btn-sm","options":[{"value":"btn-sm","label":"Pequeno"},{"value":"","label":"Normal"},{"value":"btn-lg","label":"Grande"}]},{"type":"header","content":"Animation"},{"type":"text","id":"toast_animation_enter","label":"Animação Entrar","info":"Copie e cole o nome da animação (entrada) do site Animate.style. Deixe em branco para desativar e usar as transições padrão do Bootstrap. [Saber mais](https:\/\/animate.style)","default":"animate__backInUp"},{"type":"text","id":"toast_animation_exit","label":"Saída de animação","info":"Copie e cole o nome da animação (saída) do site Animate.style. Deixe em branco para desativar e usar as transições padrão do Bootstrap. [Saber mais](https:\/\/animate.style)","default":"animate__backOutDown"},{"type":"select","id":"toast_animation_speed","label":"Velocidade da animação","default":"animate__normal","options":[{"value":"animate__slower","label":"Slower"},{"value":"animate__slow","label":"Slow"},{"value":"animate__normal","label":"Normal"},{"value":"animate__fast","label":"Fast"},{"value":"animate__faster","label":"Faster"}]}]},{"name":"Barra de Cookie","settings":[{"type":"paragraph","content":"Exibir a mensagem de consentimento da barra de cookies para seus visitantes (com detecção de IP) para cumprir a lei GDPR. [Saber mais](https:\/\/cookie-bar.eu\/)"},{"type":"checkbox","id":"cookie_bar_enable","label":"Habilitar barra de cookies","default":false},{"type":"header","content":"Configurações gerais"},{"type":"select","id":"cookie_bar_lang","label":"Língua","default":"","options":[{"value":"","label":"Autodetect"},{"value":"br","label":"Brazilian Portuguese"},{"value":"bg","label":"Bulgarian"},{"value":"ca","label":"Catalan"},{"value":"hr","label":"Croatian"},{"value":"cs","label":"Czech"},{"value":"da","label":"Danish"},{"value":"nl","label":"Dutch"},{"value":"en","label":"English"},{"value":"fr","label":"French"},{"value":"fi","label":"Finnish"},{"value":"de","label":"German"},{"value":"el","label":"Greek"},{"value":"hu","label":"Hungarian"},{"value":"it","label":"Italian"},{"value":"no","label":"Norvegian"},{"value":"es","label":"Spanish"},{"value":"se","label":"Swedish"},{"value":"pl","label":"Polish"},{"value":"pt","label":"Portuguese"},{"value":"ro","label":"Romanian"},{"value":"ru","label":"Russian"},{"value":"sk","label":"Slovak"},{"value":"sl","label":"Slovenian"},{"value":"tr","label":"Turkish"}]},{"type":"checkbox","id":"cookie_bar_no_geoip","label":"Desativar pesquisa GeoIP","info":"Exibir barra de cookies independentemente da localização do usuário","default":false},{"type":"checkbox","id":"cookie_bar_show_details_btn","label":"Mostrar link 'Detalhes'","default":false},{"type":"checkbox","id":"cookie_bar_show_policy_link","label":"Mostrar link 'Política de Privacidade'","default":true},{"type":"text","id":"cookie_bar_remember","label":"Lembre-se da escolha por x dias","default":"30"},{"type":"header","content":"Configurações avançadas"},{"type":"text","id":"cookie_bar_z_index","label":"Z-index","info":"Ajuste se a barra de cookies tiver problemas de empilhamento com outros elementos. [Saber mais](https:\/\/developer.mozilla.org\/en-US\/docs\/Web\/CSS\/z-index)","default":"1"}]},{"name":"Avançado","settings":[{"type":"header","content":"Códigos extras para dificultar rastreio\/cópia"},{"type":"checkbox","id":"ali_hunter_enable","label":"ALI HUNTER","default":false},{"type":"checkbox","id":"botao_direito_enable","label":"Botão direito do mouse","default":false},{"type":"checkbox","id":"atalho_f12_enable","label":"Atalho F12","default":false},{"type":"checkbox","id":"selecionar_conteudo_enable","label":"Selecionar conteúdo","default":false}]}]